# bioid_number,0x,0y,1x,1y,2x,2y,3x,3y,4x,4y,5x,5y,6x,6y,7x,7y,8x,8y,9x,9y,10x,10y,11x,11y,12x,12y,13x,13y,14x,14y,15x,15y,16x,16y,17x,17y,18x,18y,19x,19y
11.000,144.515,111.533,224.959,111.533,148.074,190.553,218.552,190.553,118.887,97.295,170.409,95.927,199.331,96.583,253.435,98.007,114.615,119.363,127.429,115.804,160.177,111.533,206.450,112.244,242.757,117.228,256.994,120.787,182.245,135.025,169.431,148.551,195.771,149.263,182.245,179.875,182.245,209.774,182.154,245.267
13.000,130.277,110.109,217.840,109.397,138.108,196.248,212.145,194.112,98.242,90.176,159.465,85.904,191.500,91.599,248.452,92.311,96.818,113.668,111.056,110.821,150.922,107.261,200.755,107.261,237.773,113.668,252.723,113.668,175.838,138.585,163.024,151.399,190.076,152.111,177.262,190.553,175.838,214.757,176.550,256.759
15.000,141.679,130.434,228.866,128.099,144.793,219.956,222.638,218.399,109.762,117.979,168.925,107.859,199.285,110.973,259.226,110.973,107.427,135.105,122.217,132.769,162.697,128.099,212.518,126.542,249.884,131.991,265.453,135.883,183.715,164.686,169.703,173.249,198.506,173.249,185.272,210.615,185.272,240.975,186.051,280.676
18.000,155.077,159.036,239.543,147.416,176.082,243.501,242.224,236.351,122.453,150.544,172.060,147.863,218.091,141.606,270.379,135.796,121.559,165.739,139.435,162.611,173.847,160.376,226.582,150.097,258.760,148.757,273.954,147.416,204.684,200.598,188.148,209.983,221.666,206.855,208.706,237.244,210.047,262.718,214.963,294.002
50.000,151.055,80.380,237.308,86.190,151.949,176.018,223.901,179.146,115.749,55.353,175.188,56.694,212.728,60.269,274.848,69.207,110.386,78.145,132.732,79.486,169.378,83.955,218.091,87.083,254.291,89.318,275.295,93.340,188.595,127.752,174.741,137.584,202.449,139.819,185.020,168.868,183.232,198.363,179.657,242.160
52.000,164.909,79.933,245.799,84.402,164.462,163.505,243.118,166.186,134.966,59.822,192.170,55.800,225.242,61.610,282.446,75.464,133.625,81.274,149.714,81.274,185.914,83.955,230.158,86.636,264.123,87.977,284.680,97.362,205.578,117.473,191.277,125.071,218.985,126.411,203.790,149.204,202.002,186.744,198.874,231.435
53.000,155.971,51.778,244.012,55.800,153.736,144.288,239.096,146.075,117.537,27.645,181.445,22.729,219.879,25.410,281.999,38.370,110.833,52.672,137.201,50.884,171.613,53.565,228.370,55.353,261.888,58.034,285.127,61.610,197.086,89.765,182.785,98.256,211.834,99.597,194.852,126.411,195.299,164.845,193.511,214.899
55.000,149.714,76.805,236.414,77.251,155.077,166.186,233.286,163.058,114.408,52.225,175.188,44.180,213.622,45.968,272.614,54.906,113.068,78.592,134.966,78.145,169.825,76.358,218.985,76.358,252.950,79.039,275.742,77.251,191.277,110.323,179.210,118.367,206.471,118.367,192.170,144.288,193.064,185.403,194.405,228.306
56.000,147.926,99.150,230.158,99.597,158.652,190.319,233.733,188.532,118.431,83.061,177.869,73.676,213.175,76.358,271.720,88.424,115.749,105.854,136.307,101.384,171.613,101.831,220.326,102.725,253.844,102.725,273.508,109.876,193.958,133.562,182.338,144.288,207.365,143.394,192.617,169.761,194.405,206.855,194.405,248.417
58.000,159.546,76.805,244.459,75.017,164.909,171.996,243.118,168.421,120.218,57.141,180.104,47.755,216.303,48.203,281.552,56.247,117.984,82.167,143.457,79.039,174.741,78.592,228.817,76.805,260.994,75.911,283.786,75.911,198.874,115.239,186.361,122.836,214.963,121.495,200.215,148.757,202.449,193.894,204.237,236.798
59.000,160.440,60.716,248.481,62.950,159.546,152.779,241.777,152.779,123.347,38.817,185.467,30.773,223.007,32.561,285.574,46.862,119.324,63.397,144.798,62.057,177.422,62.950,231.051,64.291,266.804,66.079,287.362,70.995,202.002,96.022,187.254,104.513,214.963,104.513,199.768,133.562,198.874,173.337,196.639,219.815
60.000,156.418,65.185,244.905,68.313,154.630,160.376,239.543,161.717,117.984,42.393,182.785,36.136,220.326,37.030,284.233,51.778,113.515,68.313,137.648,66.079,174.741,67.419,227.476,69.654,263.229,70.995,287.362,74.570,198.427,102.725,183.679,112.557,213.175,113.004,197.086,140.712,195.746,188.085,193.958,232.328
61.000,156.865,70.995,246.246,74.570,155.077,166.633,239.989,168.421,116.196,48.203,180.551,41.946,220.772,45.074,285.127,57.587,113.961,71.442,138.541,71.889,173.847,73.676,228.817,76.358,265.910,76.805,286.915,77.698,197.980,112.110,182.785,121.048,213.175,121.048,196.193,149.204,196.193,192.107,195.654,237.584
64.000,155.524,98.703,236.861,98.256,156.418,184.062,236.414,183.169,119.771,78.592,178.316,74.570,212.728,75.911,272.167,79.039,115.302,101.384,139.644,99.309,173.400,100.491,220.585,98.946,255.184,98.703,278.870,100.044,194.852,138.478,180.998,144.288,209.153,143.841,194.405,168.421,193.958,206.408,194.852,251.099
65.000,150.161,83.508,232.392,83.955,153.736,170.655,228.370,169.761,114.855,63.397,170.719,56.247,207.812,58.034,266.357,65.185,110.833,90.212,134.072,85.743,165.803,85.296,215.410,85.296,248.034,85.743,269.485,89.318,189.042,118.814,176.082,125.964,202.002,125.071,189.489,151.438,189.042,188.978,185.914,235.457
67.000,159.993,96.022,241.777,95.575,161.781,185.403,240.436,182.722,122.453,79.486,182.338,68.760,217.197,69.654,277.530,78.145,119.324,100.491,142.117,96.915,177.422,97.809,224.795,97.809,259.207,96.915,279.764,97.362,199.768,133.115,186.807,139.819,214.069,138.478,200.215,163.952,201.109,206.408,201.109,253.333
68.000,153.736,84.402,236.414,84.849,154.630,171.996,231.051,171.996,118.431,63.844,171.613,57.141,210.494,59.375,271.720,67.866,114.408,87.083,138.988,86.636,169.825,86.636,220.772,87.083,251.162,87.083,275.295,92.893,191.723,122.389,179.210,128.199,205.131,128.199,191.723,154.120,190.830,190.766,190.830,235.904
69.000,155.077,87.530,238.649,91.552,155.524,171.102,228.370,172.443,118.431,62.950,176.082,55.800,214.516,58.034,271.720,67.866,114.408,87.083,136.307,85.743,173.847,85.296,218.538,87.530,253.844,91.106,275.295,92.893,193.064,121.495,180.104,126.411,205.578,126.858,191.723,153.226,191.277,191.213,190.830,235.904
70.000,154.630,136.690,235.967,139.372,162.228,223.837,229.264,225.178,122.900,110.323,176.975,113.004,216.303,112.110,271.273,111.216,116.196,133.562,141.670,136.690,169.825,138.031,223.454,138.031,255.184,138.925,276.189,139.819,192.617,187.638,179.657,189.872,207.812,189.872,193.511,216.240,193.511,246.630,192.170,282.382
71.000,151.949,79.486,237.308,78.145,156.865,173.337,233.733,171.549,113.961,60.269,172.060,53.565,210.940,52.225,269.932,53.565,110.833,84.402,134.519,81.274,167.144,81.274,219.879,80.827,252.503,79.486,278.424,82.167,192.170,121.048,177.869,129.093,206.025,127.752,193.064,156.801,193.511,194.788,193.064,238.138
72.000,147.480,63.397,233.733,61.610,151.949,157.248,228.370,154.120,111.727,42.840,168.037,37.030,206.471,35.689,269.932,41.052,107.705,68.313,130.497,65.632,162.228,65.185,217.644,63.397,248.034,62.950,274.401,64.291,185.020,99.150,173.400,108.535,199.768,108.088,187.701,136.690,189.042,176.465,189.489,221.603
73.000,150.161,87.977,235.967,85.743,155.524,181.381,229.711,180.040,113.961,67.419,170.272,61.163,210.494,61.163,271.720,64.738,109.939,90.212,135.413,89.765,166.250,88.871,219.879,87.530,248.928,87.530,276.636,88.871,189.936,129.540,177.422,136.243,204.237,135.796,189.936,163.505,191.277,202.386,189.489,245.289
74.000,153.289,84.402,239.989,83.955,156.865,174.677,233.733,172.890,118.877,59.375,173.476,56.892,210.940,56.247,271.273,58.928,114.855,87.530,139.882,86.190,168.931,84.849,223.007,84.849,254.737,85.743,278.424,86.190,191.723,124.624,180.104,130.880,207.365,129.093,193.511,157.695,194.405,194.788,193.511,239.479
75.000,159.546,103.172,241.777,100.938,163.121,195.682,235.967,193.001,122.900,83.061,178.763,78.145,214.069,77.251,276.636,79.933,118.431,105.407,143.011,104.960,173.400,104.513,224.348,103.619,256.525,101.384,285.127,103.619,195.746,149.204,182.785,153.226,210.047,152.332,197.086,179.146,198.427,214.899,198.427,256.015
76.000,152.842,165.739,232.839,162.611,161.781,245.736,232.392,241.267,119.771,150.991,170.272,138.925,212.728,134.456,260.994,141.159,114.408,176.912,137.648,168.868,168.037,166.186,217.622,163.945,249.375,164.845,263.676,166.186,200.662,199.704,188.148,209.089,208.462,208.819,200.215,229.200,201.109,256.015,200.029,289.074
77.000,150.161,146.522,234.627,143.394,156.865,227.859,236.861,225.178,116.643,133.562,168.037,119.708,213.622,117.473,262.335,123.730,112.174,161.270,132.732,151.438,168.931,148.310,217.197,146.969,250.715,146.075,266.804,149.204,199.321,180.487,186.807,190.766,208.162,190.657,197.980,212.665,197.533,239.032,198.427,289.533
78.000,145.245,126.858,229.264,121.942,156.418,211.324,228.817,206.408,114.408,113.451,161.781,97.362,205.578,93.340,258.313,106.300,110.833,136.243,129.603,132.221,161.334,126.858,211.834,123.283,244.905,124.624,261.888,126.858,190.383,146.522,180.104,158.142,200.215,159.036,191.723,178.253,194.852,228.306,194.363,270.287
79.000,146.139,128.646,229.264,121.942,156.418,211.324,228.817,206.408,113.961,116.579,161.781,97.362,205.578,93.340,258.313,106.300,110.833,136.243,129.156,134.009,162.674,128.199,211.834,123.283,244.905,124.624,261.888,126.858,190.383,146.522,180.104,158.142,199.768,157.248,191.723,178.253,194.852,228.306,194.363,270.287
80.000,148.373,126.858,233.286,120.155,159.993,209.536,234.180,203.726,117.090,116.579,164.015,94.681,211.387,88.871,263.676,105.854,114.855,140.712,133.625,132.221,165.356,125.964,216.750,122.389,248.928,123.283,264.569,124.177,193.511,144.288,183.232,156.801,203.790,156.801,194.852,179.146,197.533,226.072,194.363,270.287
81.000,149.267,125.964,232.392,121.048,159.546,205.067,233.286,201.045,117.090,116.579,164.909,95.128,211.387,88.871,263.676,105.854,114.855,140.712,131.391,132.221,165.356,125.964,216.750,122.389,249.375,124.624,264.569,124.177,193.511,144.288,183.232,156.801,203.790,156.801,195.299,177.359,197.086,222.943,197.980,263.612
82.000,156.418,142.053,239.543,134.903,169.378,222.943,240.436,217.134,123.347,133.562,171.613,112.557,219.432,106.300,268.592,117.473,125.581,153.226,140.329,146.522,172.060,141.606,222.560,137.584,256.972,138.031,272.614,141.159,201.109,164.398,190.830,177.359,211.834,176.465,203.790,197.917,206.025,234.563,208.754,279.836
83.000,144.798,128.199,227.476,121.495,155.077,206.408,231.945,200.151,111.280,123.730,159.993,98.703,206.918,91.552,256.078,106.747,113.515,143.394,129.603,134.903,160.440,127.752,209.153,123.730,247.140,125.518,259.653,129.540,189.042,142.947,179.210,156.354,201.109,155.907,192.170,176.912,194.405,219.368,198.319,261.205
84.000,149.714,135.349,232.392,128.646,159.993,214.899,234.180,209.536,118.431,125.964,165.356,106.747,210.047,101.384,260.994,113.898,119.324,146.522,134.966,139.819,164.462,134.903,215.410,130.880,249.821,132.668,265.016,135.796,193.958,153.673,184.126,164.845,204.237,164.398,195.746,186.297,197.980,226.966,202.449,271.209
85.000,151.502,139.372,233.733,134.456,162.228,220.709,233.733,215.346,119.324,129.987,168.484,108.535,213.622,104.513,262.782,118.814,114.855,155.460,137.648,144.288,165.803,139.372,218.985,135.796,248.481,138.478,265.910,144.735,196.639,160.376,185.914,171.102,206.025,171.102,196.193,190.766,199.321,239.479,201.761,276.986
86.000,146.139,135.349,228.370,127.305,159.546,212.218,231.945,204.173,114.408,125.518,160.887,104.960,206.918,98.703,256.525,111.216,115.749,146.522,131.391,140.265,160.440,134.009,213.175,128.646,243.565,129.093,260.547,134.009,189.489,151.885,181.891,162.611,201.109,162.611,193.511,183.169,195.299,221.603,197.086,267.634
87.000,157.312,136.690,239.096,130.880,167.590,217.581,239.096,213.111,126.475,123.730,171.166,105.854,219.879,101.384,268.145,114.792,122.900,147.863,141.670,141.159,173.400,135.796,221.666,133.115,254.737,134.009,270.826,135.796,201.555,155.013,190.830,167.527,210.940,167.527,202.002,187.638,203.343,233.669,204.684,276.572
88.000,154.630,142.053,236.414,135.796,167.590,222.496,236.414,217.581,123.347,130.433,168.484,110.323,216.303,105.854,265.016,120.602,122.006,154.567,138.095,147.416,170.272,141.606,219.432,138.031,253.397,139.372,267.698,142.947,197.533,160.823,188.595,172.443,208.706,172.443,199.321,194.341,202.449,238.585,205.131,278.360
89.000,145.245,127.752,230.604,123.283,158.652,211.771,227.476,207.749,113.515,113.898,160.440,95.575,209.153,91.106,259.653,105.854,110.386,144.735,126.922,134.009,161.334,127.305,214.069,124.177,247.587,126.858,264.123,131.327,190.830,148.310,180.551,159.929,199.768,159.929,190.830,182.722,193.958,228.306,195.596,271.285
146.000,182.785,6.193,264.123,9.321,189.489,86.636,251.162,88.424,162.228,-7.214,211.834,-9.449,240.883,-7.661,286.915,-5.873,151.055,9.321,167.590,5.746,197.980,7.981,246.246,9.321,279.317,12.003,292.725,17.366,215.856,53.118,203.343,58.928,234.627,59.822,217.644,86.636,217.197,104.066,216.750,135.796
170.000,177.869,53.565,258.760,56.694,183.232,137.584,244.012,141.159,148.970,33.715,195.245,41.640,232.629,43.548,286.915,43.286,147.926,58.928,160.440,53.565,190.383,54.906,239.989,57.141,273.061,58.928,289.596,65.185,206.918,101.384,195.299,103.619,223.007,105.407,208.259,134.009,212.728,159.482,209.153,191.213
171.000,174.294,67.419,261.441,69.207,182.338,156.354,240.436,157.695,143.011,55.353,193.958,53.118,231.051,57.141,287.809,53.565,142.117,75.911,157.758,68.760,189.936,68.313,241.330,69.654,273.954,70.995,293.618,71.889,209.153,117.026,196.193,120.155,227.029,121.942,212.281,151.438,211.834,173.784,213.175,208.195
172.000,182.338,61.163,268.145,63.844,192.170,153.226,250.268,154.120,150.608,48.203,202.449,48.203,241.233,53.320,296.747,52.225,149.714,68.313,164.909,62.950,197.533,63.844,252.950,65.185,284.680,66.973,299.428,74.570,221.219,114.792,208.259,117.473,236.861,117.920,221.219,149.204,220.326,171.549,219.432,205.961
173.000,163.568,61.610,249.821,62.057,171.166,153.226,234.180,153.226,134.072,47.755,180.998,48.203,219.890,50.073,280.211,47.755,134.072,72.782,147.926,64.738,180.104,63.397,233.286,63.844,265.016,65.185,287.809,71.442,197.086,107.641,186.361,114.345,214.516,114.792,201.555,146.522,202.002,172.443,204.684,206.408
174.000,162.228,56.247,248.034,57.587,172.953,148.310,231.945,148.757,131.838,46.415,181.891,42.840,219.634,44.035,276.636,47.309,130.944,62.504,144.798,58.928,177.422,58.928,232.392,58.481,264.569,61.163,281.999,63.844,199.321,105.854,188.148,108.088,214.963,108.982,201.109,140.265,199.321,168.868,199.768,204.620
175.000,165.803,54.459,250.715,54.906,172.060,139.819,236.414,140.712,134.966,40.158,185.020,39.264,220.114,39.455,275.742,41.946,131.838,58.481,148.820,56.247,180.104,54.906,230.604,54.906,264.123,57.141,281.552,61.163,200.215,99.597,189.489,101.831,216.303,102.278,203.790,133.562,203.343,155.460,203.790,195.235
176.000,169.825,42.840,254.737,44.180,177.422,127.305,244.905,128.646,141.223,29.432,189.936,27.198,223.127,30.442,283.340,32.114,139.882,48.649,152.396,44.627,184.573,43.733,237.755,44.180,270.826,47.309,290.490,53.565,201.555,87.530,191.277,91.999,219.879,92.893,205.578,123.730,205.131,153.673,207.365,191.213
177.000,140.776,32.561,225.688,33.455,147.480,121.048,212.281,122.836,111.727,20.494,158.205,22.282,197.533,21.835,255.184,24.516,111.280,40.605,123.793,34.348,155.077,34.348,207.812,35.689,242.671,37.030,261.888,43.733,174.294,82.614,162.228,85.296,191.277,86.190,177.869,117.920,177.422,136.690,179.281,174.247
178.000,154.630,45.968,240.436,46.415,159.993,134.456,228.817,134.903,126.475,37.030,172.953,32.561,210.668,33.541,269.932,31.220,126.475,52.225,138.988,48.649,169.378,47.309,223.007,46.862,257.419,51.331,275.742,53.118,184.126,85.296,176.529,93.340,201.109,93.787,188.595,125.964,190.830,153.673,193.958,192.107
179.000,167.144,50.884,253.844,54.459,174.294,145.628,236.414,145.628,136.754,38.370,188.148,41.946,226.275,42.163,283.340,44.180,136.754,58.928,149.714,53.118,182.785,53.565,236.861,54.906,270.379,59.375,288.256,65.632,197.086,96.022,188.595,103.172,216.303,103.619,201.109,135.349,201.109,164.398,201.109,199.704
308.000,109.046,96.022,194.852,97.809,119.771,184.062,180.104,183.169,76.868,84.402,129.156,79.933,168.931,83.955,225.126,81.905,72.846,99.597,94.297,99.150,124.687,96.915,178.316,96.915,207.365,100.938,225.242,104.513,149.714,140.265,137.201,147.863,166.250,147.863,150.161,180.487,150.161,202.833,147.033,239.032
309.000,160.887,122.836,244.012,123.730,171.166,211.771,231.051,208.195,130.497,114.792,179.210,105.854,218.179,108.832,271.273,111.663,129.156,128.199,144.351,125.071,174.294,123.283,227.029,124.177,258.760,127.305,275.742,129.093,197.086,159.929,185.914,170.655,212.728,170.208,198.427,201.939,196.639,230.094,199.768,265.400
310.000,155.971,123.730,240.436,124.624,164.015,210.430,229.264,210.877,128.263,111.663,177.422,108.088,214.516,110.323,268.592,111.663,127.369,131.774,140.776,125.964,171.613,124.624,225.242,124.624,254.737,128.199,273.954,131.327,190.830,158.589,180.551,168.868,206.471,169.761,192.170,202.386,193.958,228.753,195.395,266.118
312.000,142.564,73.229,223.901,75.464,147.926,156.354,211.387,157.695,117.537,60.269,161.334,58.034,197.086,59.822,251.609,65.185,115.749,78.592,127.369,74.570,155.524,74.123,208.259,75.911,236.414,79.039,256.525,81.274,173.847,107.641,164.015,118.367,189.042,119.708,173.847,151.438,176.082,175.571,176.975,212.218
313.000,156.418,73.676,237.308,73.676,164.462,155.460,226.135,154.120,125.581,63.397,179.657,57.141,215.410,58.481,262.335,61.163,122.006,78.592,141.670,76.805,170.272,74.123,222.113,74.570,250.268,79.039,264.569,82.614,199.321,103.172,185.914,114.345,210.940,114.792,197.475,145.696,197.533,172.890,197.980,211.324
314.000,155.971,79.039,239.096,81.274,161.781,165.292,222.113,166.186,128.263,67.866,174.741,65.185,208.899,67.742,264.569,70.995,125.581,82.614,139.882,82.167,168.484,81.274,222.560,81.721,251.162,85.296,269.932,90.659,189.489,114.792,179.210,124.177,203.343,125.518,189.042,155.013,189.042,185.403,187.701,221.156
316.000,146.586,91.106,227.029,91.999,152.396,170.208,214.963,170.208,116.643,79.486,164.015,71.889,197.245,74.147,254.621,77.834,117.090,96.022,130.944,93.787,159.546,91.106,210.940,91.106,238.202,95.575,254.291,97.809,179.657,118.367,168.931,130.433,193.511,130.433,182.338,160.376,182.338,190.766,182.785,226.519
317.000,150.161,99.597,230.604,100.044,159.099,179.146,220.326,180.040,122.006,84.402,167.590,79.486,205.131,82.614,259.160,84.181,119.771,106.747,137.648,102.278,163.121,98.703,217.197,98.703,243.565,103.172,262.335,104.960,186.361,128.199,176.082,140.265,198.874,139.819,187.701,169.761,187.701,203.279,189.042,236.351
318.000,153.289,86.636,240.436,88.871,159.546,176.465,226.582,177.806,122.006,76.358,175.188,72.335,211.834,75.464,271.273,78.145,120.665,93.787,138.095,88.424,168.484,88.424,223.901,89.765,254.291,91.999,272.614,96.022,190.830,127.752,179.210,137.584,206.025,138.925,190.383,173.337,189.936,197.023,190.383,233.222
319.000,151.949,81.721,238.202,83.508,157.312,165.292,226.582,168.421,121.559,71.889,173.400,64.291,211.387,66.526,267.698,79.039,122.982,85.194,138.095,84.849,166.697,83.508,222.113,83.955,251.162,87.530,270.826,91.552,189.699,115.673,177.422,125.964,203.790,126.858,190.423,157.568,188.595,188.978,187.416,227.292
320.000,147.926,83.955,234.627,84.402,161.715,163.452,225.242,164.398,122.006,68.313,170.719,61.610,207.365,61.610,264.123,70.548,120.218,91.552,134.519,87.530,165.356,81.721,217.197,82.167,248.481,88.424,269.485,92.893,187.254,110.770,175.188,121.495,200.215,121.495,187.701,155.460,187.701,182.275,189.489,225.178
321.000,151.055,78.145,235.074,79.486,158.652,163.952,221.666,164.845,123.793,64.291,169.378,59.822,206.471,61.610,265.910,75.017,122.453,83.061,136.307,81.721,165.356,79.486,219.879,79.486,248.481,83.061,268.592,87.530,184.126,104.960,173.847,118.367,198.874,118.367,187.876,151.083,188.148,182.275,190.383,223.837
375.000,156.418,24.963,237.308,25.410,163.568,106.300,226.582,105.407,132.194,9.741,177.348,14.329,213.175,15.131,265.236,12.229,126.922,28.538,142.564,27.198,170.272,25.857,222.113,26.304,249.821,28.538,267.698,30.326,193.064,66.526,181.891,70.995,206.471,71.442,194.405,101.831,194.405,125.071,195.746,160.376
376.000,150.608,47.755,230.604,48.649,157.312,129.540,222.113,129.540,126.028,33.008,171.166,33.008,207.365,35.689,256.972,35.689,121.559,54.906,137.201,50.437,164.462,49.096,215.410,48.649,242.671,51.778,261.888,55.800,185.020,82.167,173.847,89.318,197.980,89.318,185.467,117.920,185.467,149.204,186.807,184.956
918.000,176.529,65.632,257.866,68.313,185.467,154.567,244.459,156.801,147.926,54.906,200.215,49.990,235.967,58.481,284.680,62.504,142.564,70.101,159.546,68.313,191.723,69.207,243.565,69.207,272.614,72.782,286.915,75.017,218.091,109.876,205.578,116.579,231.945,117.920,215.410,146.969,215.856,176.465,213.622,209.089
920.000,162.228,110.770,244.459,117.026,160.887,198.810,231.051,204.173,131.838,99.597,184.126,93.340,218.711,101.428,273.061,109.429,133.625,114.792,147.033,113.451,175.635,113.451,229.711,117.026,259.207,121.495,276.189,122.389,195.299,154.120,183.232,162.611,210.047,164.845,193.958,193.447,192.617,216.687,192.617,253.780
1015.000,156.418,144.288,240.883,147.416,163.121,235.010,227.476,235.010,126.028,132.221,180.551,129.540,219.613,131.829,270.379,138.925,122.453,146.075,139.435,145.181,171.166,146.522,226.135,147.863,256.078,150.097,272.167,153.226,198.427,189.872,184.126,199.257,212.281,200.151,194.852,229.200,193.064,254.674,191.723,289.086
1016.000,149.714,138.031,233.733,142.500,152.396,224.284,227.476,224.731,119.324,119.708,176.975,122.389,209.153,123.283,263.229,129.540,117.537,143.394,132.732,140.265,169.378,139.372,214.963,140.265,249.821,145.628,266.357,151.438,190.383,173.337,176.529,185.850,204.237,187.638,187.254,218.921,184.573,242.607,185.467,281.935
1017.000,150.608,124.177,236.414,126.411,152.396,214.452,226.135,216.687,119.324,111.216,169.825,108.982,208.627,109.693,265.463,115.686,118.877,128.199,134.966,126.411,164.909,125.071,220.326,126.858,249.375,130.433,268.145,133.562,187.254,162.164,175.188,174.230,202.002,175.571,186.361,205.961,185.914,238.138,185.914,271.209
1019.000,146.139,106.747,231.945,110.323,149.267,196.129,223.454,197.470,113.961,91.552,169.825,87.977,207.365,89.765,262.335,95.575,113.068,109.429,131.391,108.088,159.099,107.641,219.432,108.982,245.352,114.792,264.123,117.473,188.148,140.265,173.847,152.332,201.109,153.673,185.924,187.078,185.467,212.665,183.232,255.121
1020.000,157.312,146.969,244.905,152.779,158.205,238.138,234.180,243.054,126.922,130.433,184.846,129.313,222.115,133.105,277.530,141.606,123.793,148.757,142.117,148.757,169.378,148.310,231.051,153.226,260.100,157.695,277.530,163.505,201.555,192.107,185.020,200.151,214.069,202.386,194.852,234.116,193.511,258.696,191.277,294.896
1021.000,147.926,132.221,236.861,137.137,152.396,224.284,228.817,224.284,117.537,115.239,172.953,117.026,211.834,118.814,268.592,121.495,113.961,134.903,134.519,134.456,161.781,133.562,223.454,136.243,251.162,140.712,267.698,144.735,191.277,174.677,175.635,183.616,204.237,185.403,186.807,217.581,186.361,242.160,186.361,283.276
1022.000,136.754,103.172,226.582,106.300,141.670,199.257,220.772,198.810,106.364,86.190,160.440,84.849,201.555,87.530,257.419,94.234,104.130,106.747,120.218,105.407,153.289,104.960,211.387,105.854,242.671,109.876,260.100,113.451,181.445,140.265,166.250,152.779,193.064,155.013,179.121,187.498,178.763,219.368,176.975,260.037
1080.000,159.546,88.424,247.140,86.636,167.144,174.677,238.649,172.890,124.687,70.995,177.869,69.654,216.750,71.889,275.742,77.698,122.900,95.575,140.776,91.106,172.506,89.318,229.711,86.636,259.653,88.871,276.189,93.340,198.427,128.199,186.361,136.690,216.303,136.243,199.768,167.080,199.321,197.023,201.555,238.585
1081.000,159.993,88.424,247.140,86.190,167.590,178.700,244.012,175.124,128.263,74.123,179.657,68.760,217.644,70.101,277.083,76.358,125.134,95.128,145.692,91.552,173.847,88.424,231.498,87.083,260.994,89.765,278.424,95.128,202.002,125.964,189.936,135.349,218.538,135.796,202.002,168.868,203.343,195.682,207.812,234.563
1085.000,165.803,78.145,252.056,76.805,176.975,169.761,244.459,169.314,134.519,62.057,188.148,64.291,227.923,64.738,283.786,65.632,127.816,84.402,149.267,80.827,180.551,79.486,238.202,79.039,269.039,80.380,285.574,83.955,209.153,119.708,195.299,129.987,224.795,128.646,211.834,162.164,211.834,184.956,212.728,226.519
1092.000,155.524,104.066,245.352,100.491,164.909,191.660,238.202,193.001,118.431,85.743,175.635,83.955,214.963,84.849,275.742,88.424,117.537,108.982,138.541,106.300,168.037,102.725,227.476,100.938,257.866,102.278,276.189,106.300,196.193,141.159,185.020,152.779,214.069,152.332,197.533,184.956,197.533,212.665,198.427,255.121
1442.000,135.860,54.012,217.644,51.778,145.245,137.137,210.494,135.349,105.470,40.158,155.077,39.711,189.936,41.946,245.799,45.074,101.448,57.587,120.218,56.247,148.373,55.353,203.790,53.565,231.945,54.012,249.821,57.141,174.741,102.725,161.334,105.854,190.830,106.300,176.082,135.796,176.082,158.142,175.635,191.213
1443.000,136.307,54.906,217.644,54.459,143.904,136.690,202.002,136.690,111.727,41.499,161.463,47.015,192.170,46.415,246.246,48.649,107.705,57.141,124.240,57.141,148.373,56.247,204.684,55.353,230.158,57.587,248.481,59.822,171.613,100.044,158.622,106.116,189.042,106.747,172.060,134.903,173.400,152.779,173.454,187.316
1444.000,138.988,53.565,219.432,54.906,146.139,138.031,200.215,141.159,111.525,38.797,161.781,44.180,192.617,48.203,248.481,45.968,105.470,54.459,124.687,54.012,152.396,56.247,206.918,56.247,233.286,57.587,251.162,61.610,176.529,104.960,161.334,105.854,191.277,108.982,173.400,134.903,172.506,155.013,173.400,184.956
1450.000,138.095,28.092,218.091,29.432,142.564,109.429,203.343,109.876,111.280,12.897,159.546,16.025,193.511,18.260,244.905,19.600,104.130,31.220,124.687,28.985,151.502,29.879,204.237,29.879,231.498,33.008,247.587,35.242,174.741,70.101,163.121,75.464,189.042,76.358,172.506,104.960,172.506,125.964,174.926,161.024
1475.000,142.564,43.286,231.498,41.052,150.608,129.093,225.688,128.646,113.515,26.751,163.568,25.857,199.768,25.857,262.335,33.455,111.640,47.505,128.709,47.755,157.312,45.968,216.750,42.393,244.459,45.968,266.357,52.672,182.785,73.676,170.272,87.083,199.321,87.083,185.467,118.814,184.126,154.120,182.786,198.827
1476.000,142.117,35.689,224.795,35.242,146.586,118.367,211.387,120.155,113.515,18.706,162.228,18.706,193.958,18.706,251.162,19.600,112.174,38.817,126.922,36.583,153.289,35.689,209.153,35.689,235.520,37.477,256.078,42.393,175.635,73.229,163.121,78.592,189.489,78.592,175.635,109.876,174.741,129.987,177.869,174.230
1486.000,135.860,79.933,218.538,77.698,147.480,167.974,202.449,165.292,106.364,65.632,150.608,66.526,198.874,65.632,245.799,64.738,104.576,84.402,121.112,82.167,147.480,81.274,204.684,79.933,231.945,80.380,247.140,81.721,178.316,121.942,164.015,130.433,190.383,130.433,177.869,161.717,176.975,183.169,177.422,216.240
1487.000,138.541,81.274,223.901,79.933,151.949,167.080,216.750,163.058,109.492,62.504,159.546,66.079,204.684,62.950,252.503,63.397,102.789,83.061,126.028,82.167,152.396,81.274,210.494,79.486,237.308,80.827,254.338,81.043,182.290,118.779,168.442,130.458,197.298,129.448,184.126,162.164,185.914,181.828,185.593,216.814
1488.000,140.329,76.805,222.113,76.358,147.033,159.036,214.069,157.695,110.833,59.822,160.440,62.057,202.002,61.163,250.268,59.822,105.917,79.933,125.134,78.145,151.949,78.145,209.153,76.805,234.180,78.145,253.115,77.861,181.445,117.026,168.484,124.177,196.639,123.730,182.785,155.460,182.785,176.018,181.445,208.642
1491.000,138.541,71.442,221.666,71.442,146.139,159.036,210.494,159.036,110.386,54.459,155.971,57.141,203.343,58.928,249.821,57.587,103.683,74.123,123.793,73.676,151.502,73.229,207.812,73.229,235.520,75.017,253.397,73.676,180.551,114.345,166.250,122.389,193.958,121.495,180.104,153.673,179.657,178.253,180.551,212.218
1492.000,142.564,76.358,226.582,78.145,151.502,163.058,216.303,161.270,113.515,61.163,162.228,62.950,206.228,62.410,254.737,65.185,107.705,79.039,128.263,78.592,154.630,77.698,213.622,79.486,240.436,81.274,257.866,81.721,184.126,121.942,169.825,126.858,198.874,127.305,182.785,158.142,183.232,184.509,181.445,220.262
1493.000,128.709,79.486,211.387,79.039,134.966,165.292,204.237,164.845,99.072,66.766,149.267,68.313,186.361,67.419,240.883,66.973,96.979,83.508,115.302,81.274,142.564,80.827,199.321,80.380,225.688,81.721,244.905,83.061,168.484,120.155,156.418,128.646,182.785,128.199,168.484,161.270,170.272,181.828,172.060,217.581
1494.000,126.028,96.022,206.025,95.128,137.201,178.700,190.383,179.146,99.660,77.251,148.373,78.145,185.914,81.274,232.392,80.380,92.063,96.915,113.068,96.915,138.541,96.022,193.064,95.575,218.091,96.915,236.448,96.505,167.590,136.690,153.289,143.394,180.998,142.947,164.015,173.337,164.015,193.447,164.909,224.731
